{"loss": 1.819084644317627, "root_mean_squared_error": 1.3487344980239868, "mean_absolute_error": 0.9589373469352722}